owner_acronym,source_year,total_entries,original_contract_entries,amendment_entries,most_recent_entries,original_entries_sum,most_recent_entries_sum
acoa,2003,1,1,0,1,39675.00,39675.00
acoa,2004,321,317,4,317,8779283.38,8765335.38
acoa,2005,238,238,0,238,7150168.19,7150168.19
acoa,2006,240,240,0,240,6656030.49,6656030.49
acoa,2007,172,172,0,164,5521247.24,5161781.46
acoa,2008,177,159,18,160,5626331.34,5939524.50
acoa,2009,218,191,27,179,6507600.45,5573874.97
acoa,2010,186,157,29,167,4393881.99,4397184.33
acoa,2011,92,81,11,85,2685926.59,4995627.62
acoa,2012,78,70,8,72,2371069.41,2534058.13
acoa,2013,101,92,9,91,3443950.10,3920525.96
acoa,2014,73,67,6,67,1940056.02,2217903.72
acoa,2015,57,52,5,54,2072288.95,2196525.87
acoa,2016,84,78,6,77,4159289.82,3900814.87
acoa,2017,78,73,5,74,2288272.19,2976413.79
acoa,2018,47,44,3,46,1241525.22,1645383.22
agr,2013,2587,2336,251,2151,161718533.79,123922577.17
agr,2014,2345,1951,394,1918,99060993.09,126591839.95
agr,2015,2694,2210,484,2222,126319527.24,147737433.26
agr,2016,2416,2038,378,2073,139943291.34,132197979.54
agr,2017,2098,1776,322,1828,96633258.25,164719370.70
agr,2018,1254,1036,218,1152,77072568.50,129978193.51
atssc,2016,56,53,3,43,4268963.66,2336621.24
atssc,2017,141,118,23,112,9265498.27,12551161.13
atssc,2018,88,70,18,86,3533682.82,7663261.26
cannor,2016,9,8,1,8,283999.00,298999.00
cannor,2017,14,14,0,13,517015.21,391811.21
cannor,2018,15,14,1,15,613215.74,851419.74
cas,2016,23,23,0,21,935728.83,655049.71
cas,2017,137,133,4,127,12082022.24,11549209.08
cas,2018,326,299,27,304,27707972.67,29859460.46
cbsa,2014,753,753,0,679,116646364.33,91824302.76
cbsa,2015,795,765,30,658,233662842.61,100735424.28
cbsa,2016,795,596,199,572,240035583.16,237417363.95
cbsa,2017,1108,793,315,812,350457195.24,439962172.46
cbsa,2018,633,425,208,583,153769971.80,367349053.67
cc,2008,48,48,0,48,1436845.00,1436845.00
cc,2009,49,49,0,49,1362099.47,1362099.47
cc,2010,62,62,0,62,3122142.54,3122142.54
cc,2011,40,40,0,40,1748832.73,1748832.73
cc,2012,52,52,0,52,3452887.78,3452887.78
cc,2013,57,57,0,57,4127706.65,4127706.65
cc,2014,54,54,0,54,2242615.69,2242615.69
cc,2015,52,52,0,52,1895120.22,1895120.22
cc,2016,67,67,0,67,6246892.05,6246892.05
cc,2017,42,42,0,42,3927388.00,3927388.00
ccohs,2016,5,4,1,4,108414.05,112577.45
ccohs,2017,23,19,4,18,673397.10,530267.30
ccohs,2018,18,16,2,17,606714.87,646713.03
ceaa,2004,59,59,0,59,1227285.31,1227285.31
ceaa,2005,57,57,0,57,1397817.32,1397817.32
ceaa,2006,28,28,0,28,729541.20,729541.20
ceaa,2007,52,52,0,51,1554464.45,1524494.45
ceaa,2008,88,88,0,79,2755682.96,2417549.45
ceaa,2009,85,69,16,71,1989210.76,2409786.64
ceaa,2010,43,34,9,38,1196675.14,1741876.44
ceaa,2011,33,32,1,31,742451.61,645451.61
ceaa,2012,51,48,3,47,1076958.94,966418.77
ceaa,2013,69,52,17,54,2415797.48,2637693.55
ceaa,2014,26,20,6,23,1077875.21,1409387.71
ceaa,2015,14,12,2,12,251193.47,254018.47
ceaa,2016,62,55,7,55,2326984.70,2764810.95
ceaa,2017,24,23,1,24,986502.84,1008302.84
ceaa,2018,32,32,0,32,1971589.44,1971589.44
ced,2004,114,114,0,114,6870524.00,6870524.00
ced,2005,135,135,0,135,5039169.00,5039169.00
ced,2006,154,154,0,154,4013091.69,4013091.69
ced,2007,118,118,0,118,4131356.72,4131356.72
ced,2008,161,160,1,160,4055338.26,4056657.59
ced,2009,147,146,1,146,4329145.13,4307115.13
ced,2010,150,137,13,131,4857735.98,4461564.74
ced,2011,109,99,10,99,3566322.48,3519705.34
ced,2012,74,70,4,66,4219880.55,2723902.92
ced,2013,80,69,11,72,2177323.58,2683664.04
ced,2014,59,51,8,44,2409740.67,1876846.25
ced,2015,59,46,13,50,2470768.65,4458867.36
ced,2016,81,68,13,71,2750017.14,3005056.47
ced,2017,61,53,8,54,2430931.37,3194738.69
ced,2018,27,21,6,25,808014.89,1908084.06
cfia,2011,500,488,12,465,40309011.95,38937412.50
cfia,2012,912,831,81,797,55200926.00,51457614.00
cfia,2013,965,852,113,808,98875090.36,73725091.95
cfia,2014,772,600,172,577,51928893.68,43031427.83
cfia,2015,738,531,207,529,52232660.56,63024786.03
cfia,2016,1121,827,294,841,79563748.65,78497470.19
cfia,2017,643,449,194,494,50570600.00,116219755.20
cfia,2018,430,320,110,382,38699426.68,73935716.41
cgc,2016,42,42,0,40,1434093.71,1337579.02
cgc,2017,124,122,2,120,7722020.19,7421143.05
cgc,2018,88,84,4,88,2634992.62,3394476.18
chrc,2015,24,24,0,24,1121056.83,1121056.83
chrc,2017,29,29,0,26,2056459.63,1924031.88
chrc,2018,29,26,3,29,742238.58,893564.45
cics,2017,6,6,0,6,120519.08,120519.08
cics,2018,17,17,0,17,267983.58,267983.58
cihr,2015,65,64,1,58,4728336.72,4267656.54
cihr,2016,167,152,15,131,11180131.57,7521491.85
cihr,2017,146,113,33,128,7247705.97,14023495.97
cihr,2018,92,74,18,84,4232566.40,5213173.39
cnsc,2004,291,291,0,291,8867577.00,8867577.00
cnsc,2005,317,317,0,317,10070509.92,10070509.92
cnsc,2006,327,327,0,327,10730054.34,10730054.34
cnsc,2007,362,361,1,361,13383817.09,13383933.49
cnsc,2008,387,386,1,385,16827063.89,16715396.39
cnsc,2009,465,465,0,452,17254816.22,16354223.34
cnsc,2010,487,440,47,427,18702410.22,19718003.99
cnsc,2011,287,244,43,253,12006720.41,11938427.33
cnsc,2012,330,298,32,286,13710079.12,11753477.14
cnsc,2013,305,250,55,240,12014063.72,9563683.52
cnsc,2014,277,224,53,214,14014209.52,9308120.70
cnsc,2015,207,158,49,168,9121851.63,8948507.88
cnsc,2016,237,179,58,168,12345334.93,11224351.69
cnsc,2017,247,162,85,185,10980348.93,18316261.14
cnsc,2018,143,104,39,132,8182335.49,16947238.26
cpc,2016,15,15,0,11,907566.74,623688.21
cpc,2017,50,46,4,45,1983795.78,1578069.90
cpc,2018,30,25,5,30,631528.06,1604830.61
cra,2001,6,6,0,2,1176334.85,62303.85
cra,2002,9,7,2,7,27510934.28,28021441.80
cra,2003,23,17,6,7,107811133.58,86038279.84
cra,2004,2751,2713,38,2695,272019620.69,262993709.42
cra,2005,2642,2525,117,2434,292261586.78,233403162.39
cra,2006,2890,2655,235,2538,519679911.61,479694776.40
cra,2007,3036,2532,504,2347,392918836.34,254903129.83
cra,2008,2648,2121,527,1947,286632514.75,247794711.31
cra,2009,2334,1734,600,1778,144937143.94,229079624.75
cra,2010,2743,1843,900,1898,340919575.97,334417829.27
cra,2011,2847,1801,1046,2267,370520209.89,881048237.50
cra,2012,1574,1126,448,1097,145591512.00,151969681.14
cra,2013,1208,923,285,857,99567041.40,88754500.81
cra,2014,1023,855,168,758,80246494.76,63938546.97
cra,2015,532,501,31,384,54789582.66,29881028.82
cra,2016,1456,936,520,745,130987343.30,180661200.37
cra,2017,1428,684,744,897,96352135.54,186573575.22
cra,2018,711,346,365,594,54132366.04,206163205.11
crtc,2016,26,26,0,24,3323846.77,776903.78
crtc,2017,141,139,2,138,12183586.64,13249431.85
crtc,2018,72,67,5,70,8913117.77,9181760.83
csa,2008,571,571,0,570,216462548.15,207432549.20
csa,2009,556,556,0,555,131017271.96,130354605.41
csa,2010,481,481,0,480,85129339.99,84869578.53
csa,2011,414,414,0,414,51643820.57,51643820.57
csa,2012,332,332,0,329,799028750.44,56527461.19
csa,2013,312,312,0,307,115206229.09,21536900.39
csa,2014,355,355,0,343,68750576.67,61448455.09
csa,2015,323,323,0,272,71731399.14,35781468.34
csa,2016,410,358,52,311,237601167.45,46457387.76
csa,2017,479,323,156,393,506731373.18,104674892.96
csa,2018,185,124,61,173,18668720.50,1854432440.50
csc,2006,2,1,1,1,2075000.00,2075000.00
csc,2007,1,1,0,1,344587.00,344587.00
csc,2008,16,11,5,11,11708350.00,11905238.00
csc,2009,85,56,29,56,88092823.00,88926562.00
csc,2010,139,94,45,94,77319568.00,81549018.00
csc,2011,262,168,94,163,141921732.00,141451324.00
csc,2012,389,240,149,242,146643860.00,158096810.00
csc,2013,1427,1252,175,1251,164290173.00,173670035.00
csc,2014,3200,2834,366,2831,259719412.00,294300855.00
csc,2015,3447,3254,193,3222,215383652.00,219451321.00
csc,2016,4066,3599,467,3101,585480811.68,303665457.81
csc,2017,4538,3682,856,3702,382393434.33,498217465.80
csc,2018,3507,2667,840,3184,220772333.88,774574936.23
csps,2012,104,103,1,101,5498537.86,3654802.03
csps,2013,162,157,5,154,7729241.72,7647664.22
csps,2014,159,153,6,153,8563208.36,8064799.70
csps,2015,116,110,6,104,11892171.56,11687793.11
csps,2016,105,95,10,95,4230348.54,9717869.61
csps,2017,79,65,14,63,2679214.19,2906940.92
csps,2018,94,76,18,89,3039441.71,6738560.59
cta,2015,22,22,0,18,1926156.43,855006.08
cta,2016,54,37,17,26,1763923.31,2213706.07
cta,2017,80,55,25,50,2221973.80,2531561.50
cta,2018,71,40,31,58,1450089.04,2995652.42
dfo,2010,7101,5897,1204,5315,600014815.26,479454498.66
dfo,2011,6675,5031,1644,5019,362976390.00,402621175.83
dfo,2012,6315,4814,1501,4861,314426935.91,377892114.90
dfo,2013,5741,4427,1314,4517,296295125.17,348207294.10
dfo,2014,5896,4633,1263,4512,639813974.05,555478332.05
dfo,2015,4644,3516,1128,3634,882466135.59,516398543.32
dfo,2016,7722,6231,1491,6074,697766422.64,583204024.49
dfo,2017,7089,5828,1261,5843,744062532.58,653141170.52
dfo,2018,4718,3893,825,4242,630515561.39,3839735484.75
dnd,1999,2,2,0,0,60657.00,0.00
dnd,2002,4,4,0,2,6500813.93,59800.00
dnd,2003,186,186,0,186,38833585.90,38833585.90
dnd,2004,8830,8816,14,8737,7796834781.96,1809907515.59
dnd,2005,7185,7087,98,6947,4818990921.29,1833063609.81
dnd,2006,4431,4280,151,4230,1070119636.79,913190754.28
dnd,2007,8620,8580,40,8166,4621659008.35,3194081885.94
dnd,2008,13293,12564,729,11726,8586998663.82,3144407341.77
dnd,2009,15419,13450,1969,13452,5612895399.29,2602368341.47
dnd,2010,17616,15498,2118,15410,4217148182.06,7499916343.56
dnd,2011,24044,22023,2021,22316,8245174312.51,8219077121.76
dnd,2012,15658,14027,1631,14200,4982537724.45,3296724780.20
dnd,2013,16081,14986,1095,15127,4592143668.28,5366314175.65
dnd,2014,18369,17383,986,17560,6784439969.19,6498950943.17
dnd,2015,18289,17267,1022,17381,5866655562.58,5594539002.18
dnd,2016,11388,10395,993,10701,3871866915.38,4427548427.35
dnd,2017,14551,13230,1321,13224,3635664577.34,6349867673.33
dnd,2018,14693,13169,1524,13509,3177666764.03,12588309253.11
ec,2004,3049,3046,3,3046,104300508.91,104300631.02
ec,2005,2735,2731,4,2711,113019916.40,110376990.45
ec,2006,2652,2650,2,2599,112403617.03,106675657.16
ec,2007,2970,2967,3,2909,109780611.30,104528093.48
ec,2008,3707,3705,2,3546,132377115.95,118672208.86
ec,2009,4249,3897,352,3707,158106355.39,145287303.89
ec,2010,4200,3559,641,3626,139105531.03,160151922.65
ec,2011,3960,3460,500,3469,128261376.37,157327720.64
ec,2012,3868,3335,533,3345,132362432.79,156354353.65
ec,2013,4133,3506,627,3558,123936507.43,164666047.96
ec,2014,3706,3111,595,3387,125496867.71,201660542.96
ec,2015,2710,2592,118,2490,139101720.00,120335529.02
ec,2016,2607,2480,127,2485,194761100.85,217518657.12
ec,2017,1924,1795,129,1847,94639237.43,107558694.67
ec,2018,507,470,37,504,24381378.24,37580331.39
elections,2016,152,150,2,117,35739396.62,13927776.99
elections,2017,321,255,66,266,203270159.71,267501977.52
elections,2018,297,251,46,273,42975315.84,48839751.18
esdc,2003,1,1,0,1,596248.26,596248.26
esdc,2004,1820,1819,1,1819,106159839.93,106159839.93
esdc,2005,2064,2062,2,2061,295448176.74,295497170.39
esdc,2006,1666,1664,2,1665,397186500.99,397240705.04
esdc,2007,1721,1721,0,1721,193330826.96,193330826.96
esdc,2008,1348,1348,0,1348,145758003.34,145758003.34
esdc,2009,2201,2201,0,2201,585126049.13,585126049.13
esdc,2010,1894,1894,0,1894,910461758.65,910461758.65
esdc,2011,1752,1752,0,1752,864970928.00,864970928.00
esdc,2012,1244,1244,0,1243,366028709.23,365510717.23
esdc,2013,1136,1136,0,1134,332113899.48,265353499.48
esdc,2014,1131,1131,0,1121,753954382.78,748522102.23
esdc,2015,1120,1120,0,1058,236959275.26,206992315.87
esdc,2016,1331,1169,162,1035,2402335829.00,1676545377.36
esdc,2017,1482,927,555,881,124286501.74,265843823.56
esdc,2018,1061,581,480,836,73063701.81,1067531092.70
fcac,2004,32,31,1,31,998137.67,1027437.67
fcac,2005,30,30,0,30,714635.05,714635.05
fcac,2006,34,34,0,34,1298585.86,1298585.86
fcac,2007,48,48,0,48,1437487.86,1437487.86
fcac,2008,43,42,1,40,1241911.05,1176006.05
fcac,2009,74,62,12,63,2570112.84,2787996.92
fcac,2010,88,77,11,75,3187778.85,3353884.14
fcac,2011,83,72,11,72,2091687.03,2279252.70
fcac,2012,71,62,9,63,6671954.55,4598570.93
fcac,2013,43,39,4,40,833721.68,901747.18
fcac,2014,66,66,0,62,2716739.83,2542247.13
fcac,2015,59,52,7,52,2499917.54,2485648.36
fcac,2016,55,51,4,49,1627642.83,1643422.15
fcac,2017,90,82,8,84,4545307.90,4509523.08
fcac,2018,64,56,8,61,3591759.56,6930604.30
feddev,2009,74,60,14,57,2943293.08,2884809.73
feddev,2010,261,135,126,127,4443069.02,4592955.33
feddev,2011,162,77,85,81,2556864.43,2739527.57
feddev,2012,135,77,58,79,2554465.41,2410908.26
feddev,2013,72,42,30,44,1720649.55,1871755.46
feddev,2014,94,51,43,47,3734259.54,2688346.97
feddev,2015,68,39,29,40,1121293.26,1135131.70
feddev,2016,51,32,19,34,942571.63,1041083.23
feddev,2017,34,28,6,28,789014.46,5067425.33
feddev,2018,16,13,3,14,359590.15,434567.52
fin,2004,245,245,0,245,11970829.82,11970829.82
fin,2005,364,364,0,362,22028846.82,21961237.42
fin,2006,365,365,0,364,17910615.77,17412296.24
fin,2007,382,380,2,380,17705384.62,17569207.19
fin,2008,267,267,0,255,29565849.12,29217456.77
fin,2009,263,224,39,212,23889101.64,24949102.12
fin,2010,203,167,36,156,16409786.50,18758962.85
fin,2011,219,179,40,173,23049484.70,22089027.90
fin,2012,166,111,55,128,18870063.17,32953473.35
fin,2013,143,102,41,104,16616062.16,18761825.49
fin,2014,165,126,39,128,17207285.77,13118469.70
fin,2015,120,82,38,90,5920264.05,21542099.22
fin,2016,175,128,47,120,7968186.88,11525169.83
fin,2017,161,110,51,121,6816379.75,10923317.13
fin,2018,94,77,17,87,4486476.22,9816547.22
fintrac,2004,40,40,0,40,1714688.63,1714688.63
fintrac,2005,61,61,0,61,1559164.00,1559164.00
fintrac,2006,81,81,0,81,2249896.32,2249896.32
fintrac,2007,127,127,0,127,3455732.15,3455732.15
fintrac,2008,63,63,0,63,3637817.24,3637817.24
fintrac,2009,65,65,0,65,2218373.32,2218373.32
fintrac,2010,75,75,0,75,2245112.45,2245112.45
fintrac,2011,90,90,0,90,3650567.46,3650567.46
fintrac,2012,70,70,0,70,3104813.60,3104813.60
fintrac,2013,24,24,0,24,1061742.40,1061742.40
fintrac,2014,18,18,0,18,1443717.05,1443717.05
fintrac,2015,17,17,0,17,753913.47,753913.47
fintrac,2016,31,30,1,30,1208157.98,1227218.62
fintrac,2017,36,35,1,35,1808573.95,1822909.86
fintrac,2018,25,24,1,24,1593818.30,1605824.55
fja,2007,21,21,0,21,467679.21,467679.21
fja,2008,47,47,0,46,1013942.96,928942.96
fja,2009,68,62,6,61,2133867.30,2188376.70
fja,2010,81,77,4,72,2086344.55,1883256.57
fja,2011,130,115,15,110,3515053.71,3594357.33
fja,2012,110,94,16,92,2506971.46,2700278.02
fja,2013,113,94,19,101,2775341.01,3466471.01
fja,2014,98,83,15,84,2690583.90,2722541.45
fja,2015,91,84,7,85,2988389.85,2873163.75
fja,2016,81,77,4,76,2049116.64,1880050.83
fja,2017,101,85,16,90,3344894.89,4870102.78
fja,2018,57,54,3,55,2010587.97,2053146.93
fpcc,2016,1,1,0,1,60000.00,60000.00
fpcc,2017,2,2,0,2,67928.38,67928.38
fpcc,2018,5,5,0,5,78945.00,78945.00
gac,2004,1858,1790,68,1780,102276609.55,101908565.75
gac,2005,2096,2040,56,2038,156654830.90,154340434.81
gac,2006,3448,3355,93,3343,206134487.88,202858691.06
gac,2007,3151,3061,90,3053,154371535.70,153017030.56
gac,2008,2431,2353,78,2331,158083260.75,129246529.30
gac,2009,2631,2426,205,2378,160672782.10,142175370.57
gac,2010,3358,3072,286,3036,228057343.42,210448475.70
gac,2011,3033,2766,267,2726,181210493.16,201288157.21
gac,2012,2739,2403,336,2322,240530787.38,247471299.67
gac,2013,3006,2557,449,2538,332352076.17,334789402.15
gac,2014,3239,2784,455,2734,226220861.75,236333561.51
gac,2015,3227,2682,545,2716,250523486.19,277752484.67
gac,2016,3072,2638,434,2657,198772587.50,245515636.09
gac,2017,4146,3601,545,3633,397993204.89,475125191.21
gac,2018,2934,2462,472,2700,206869687.90,368008461.82
hc,2010,1681,1527,154,1428,69179404.26,61648792.65
hc,2011,3236,2740,496,2656,163696532.80,145250200.79
hc,2012,2947,2127,820,2130,180766461.24,169586893.64
hc,2013,2691,1953,738,1918,154940275.79,170859401.37
hc,2014,2547,1958,589,1903,468418999.18,321456167.74
hc,2015,2183,1662,521,1686,155290265.76,181019299.52
hc,2016,2148,1680,468,1725,169557994.43,221700946.95
hc,2017,1795,1446,349,1540,131863986.16,429761081.12
hc,2018,1139,964,175,1056,75214335.89,123191863.67
ic,2004,2313,2313,0,2313,83062189.00,83062189.00
ic,2005,2331,2331,0,2328,84735240.00,84111382.00
ic,2006,2000,2000,0,1998,78688783.00,78637386.00
ic,2007,1753,1753,0,1742,72750771.00,71824343.00
ic,2008,1687,1687,0,1660,81048003.00,75370114.00
ic,2009,1605,1565,40,1543,71577353.00,69943163.00
ic,2010,1506,1380,126,1335,78930595.00,74898069.00
ic,2011,1450,1261,189,1277,62624485.00,76930645.00
ic,2012,1247,1084,163,1076,53683621.00,62418915.00
ic,2013,1312,1120,192,1081,62899659.00,79726753.00
ic,2014,1225,1008,217,1024,54601405.00,70050953.00
ic,2015,1243,1047,196,1031,57205752.00,72946124.00
ic,2016,1297,1069,228,1021,70554692.78,79035419.72
ic,2017,1502,1233,269,1245,123556192.62,195493993.50
ic,2018,910,675,235,848,46051714.08,144938212.86
ijc,2017,32,32,0,32,989481.17,989481.17
ijc,2018,26,26,0,26,1244091.02,1244091.02
inac,2013,1180,922,258,920,84666853.99,84502313.07
inac,2014,1416,1281,135,1169,331065200.10,301650847.74
inac,2015,982,778,204,787,126900261.85,142842647.33
inac,2016,974,774,200,781,100935635.65,101870159.52
inac,2017,1035,837,198,934,76442556.17,111831314.80
infra,2006,55,55,0,54,8355712.08,1331963.40
infra,2007,107,106,1,105,4480162.97,3950162.97
infra,2008,71,71,0,71,2437634.08,2437634.08
infra,2009,108,108,0,105,7709519.26,7182738.22
infra,2010,106,101,5,101,8165462.18,8209818.22
infra,2011,83,72,11,74,3581271.26,5167157.88
infra,2012,64,58,6,56,3400209.19,16546153.22
infra,2013,48,42,6,39,1755144.03,9429384.45
infra,2014,85,76,9,72,5840144.15,4917989.35
infra,2015,90,78,12,75,4651565534.91,75291213.80
infra,2016,143,122,21,118,14598228.84,9996383.33
infra,2017,121,96,25,99,12986628.05,15687269.62
infra,2018,100,79,21,95,8396236.65,4756694669.52
ircc,2010,1061,971,90,867,230742797.05,126115334.83
ircc,2011,873,692,181,679,243067605.49,74113537.44
ircc,2012,948,680,268,648,171696497.81,138970177.04
ircc,2013,910,639,271,643,74232867.57,177693458.64
ircc,2014,740,561,179,583,70704669.88,181047710.41
ircc,2015,829,652,177,647,376557395.01,361390951.03
ircc,2016,765,581,184,541,92421074.70,90942041.81
ircc,2017,810,517,293,585,144260535.26,481284681.19
ircc,2018,611,432,179,522,73997884.06,241142871.64
isc,2017,192,168,24,160,17539210.23,17326476.00
isc,2018,166,143,23,151,25158347.61,25524204.17
just,2003,2,2,0,2,38254.10,38254.10
just,2004,717,717,0,714,25009210.50,24572522.55
just,2005,755,752,3,752,26937020.63,27300599.42
just,2006,582,582,0,579,23021704.80,22360810.11
just,2007,627,627,0,615,28691183.13,26616626.81
just,2008,731,731,0,660,33141105.10,24412962.45
just,2009,810,680,130,719,36253479.02,49601033.25
just,2010,631,567,64,561,29806788.88,36861635.78
just,2011,663,581,82,563,39256846.62,37655508.78
just,2012,474,369,105,378,27938463.58,36644083.86
just,2013,529,442,87,434,30524083.53,35571240.36
just,2014,416,314,102,314,21526814.48,24290961.03
just,2015,546,443,103,468,24612201.35,40504053.49
just,2016,436,377,59,400,28406039.15,38414379.62
just,2017,380,367,13,371,22414156.31,31970106.25
just,2018,326,310,16,319,38691266.71,42988162.21
lac,2012,77,77,0,64,2088176.30,1281719.56
lac,2013,283,246,37,232,14605572.97,12626082.52
lac,2014,235,190,45,188,11566324.51,14417578.07
lac,2015,192,151,41,156,11541024.74,14431744.45
lac,2016,181,139,42,140,12971742.64,9225400.58
lac,2017,196,148,48,161,9888910.85,16287803.28
lac,2018,136,120,16,130,12269754.36,13804550.77
mgerc,2015,2,2,0,2,15220.35,15220.35
mgerc,2016,50,49,1,49,670784.74,695644.74
mgerc,2017,17,16,1,14,679872.43,570440.97
mgerc,2018,12,10,2,12,199284.10,387714.28
mpcc,2016,21,18,3,18,526236.33,526236.33
mpcc,2017,25,22,3,21,725093.88,915540.90
mpcc,2018,20,19,1,20,369771.20,403671.20
neb,2015,76,69,7,65,6555478.21,6463177.71
neb,2016,229,207,22,191,27057402.53,24550969.10
neb,2017,216,174,42,180,35695262.77,39072332.77
neb,2018,134,107,27,121,12964202.60,17163010.82
neb,2019,2,2,0,2,40950.00,40950.00
nfb,2016,46,46,0,46,2783976.50,2783976.50
nfb,2017,216,214,2,214,9064935.25,9064935.25
nfb,2018,120,113,7,113,4562771.72,4956564.41
nrc,2009,2828,2677,151,2587,162278503.00,128107553.00
nrc,2010,2723,2528,195,2511,159036585.00,130090470.00
nrc,2011,2435,2223,212,2225,246345210.00,149460803.00
nrc,2012,2026,1843,183,1829,86380016.00,95983200.00
nrc,2013,2375,2143,232,2129,128339034.00,129422358.00
nrc,2014,2261,2045,216,2021,298272080.00,309028582.00
nrc,2015,2661,2362,299,2317,141088124.00,138016231.00
nrc,2016,2874,2465,409,2436,154946950.34,144409436.30
nrc,2017,3021,2559,462,2610,192985022.93,220976851.46
nrc,2018,1796,1525,271,1665,85231211.91,222437217.93
nrcan,2011,2097,2085,12,2036,119541197.64,113405676.05
nrcan,2012,1962,1859,103,1872,152690986.29,135252494.19
nrcan,2013,1907,1805,102,1704,164685144.45,134110846.83
nrcan,2014,2061,1854,207,1836,108005285.82,111589180.15
nrcan,2015,1988,1774,214,1775,126521422.07,184140187.96
nrcan,2016,2067,1849,218,1835,107571852.49,117596797.97
nrcan,2017,2144,1905,239,1942,118227878.50,151013678.17
nrcan,2018,1320,1156,164,1261,65983748.30,120096452.94
nserc,2017,146,141,5,127,13828072.82,11273372.52
nserc,2018,111,96,15,110,7899764.18,12826720.10
oag,2016,81,79,2,70,3942206.98,3770983.73
oag,2017,195,178,17,176,7088859.14,7158097.06
oag,2018,118,98,20,109,3990013.66,5096856.40
oci,2016,3,2,1,1,395025.70,88479.00
oci,2017,5,3,2,4,63999.81,439970.67
oci,2018,3,3,0,3,217751.00,217751.00
ocl,2017,17,17,0,17,999678.81,999678.81
ocl,2018,5,5,0,5,501959.68,501959.68
ocol,2016,22,22,0,21,790384.81,713417.87
ocol,2017,85,82,3,80,3382845.15,3463157.50
ocol,2018,31,27,4,30,855362.70,1408022.74
oic,2017,32,32,0,31,2759956.64,2535871.89
oic,2018,40,38,2,39,3196639.68,3462481.15
opc,2018,67,63,4,63,3131385.88,3171020.63
osfi,2016,279,232,47,198,21692486.13,12146549.82
osfi,2017,311,235,76,242,11736496.31,24390949.99
osfi,2018,212,156,56,183,13060665.16,23005483.19
osgg,2016,29,29,0,23,1377412.15,822739.16
osgg,2017,57,42,15,42,13545601.90,13806578.31
osgg,2018,53,45,8,51,1563771.76,2517482.80
oto,2008,6,6,0,6,103243.84,103243.84
oto,2009,4,4,0,4,111043.29,111043.29
oto,2011,1,1,0,1,24860.00,24860.00
oto,2013,4,3,1,3,46813.23,111917.83
oto,2014,2,2,0,2,112675.83,112675.83
oto,2016,1,1,0,1,44215.20,44215.20
pbc,2009,59,59,0,59,1700525.00,1700525.00
pbc,2010,74,74,0,73,2039411.00,1994996.00
pbc,2011,93,93,0,93,2582889.00,2582889.00
pbc,2012,109,109,0,108,2614506.00,2566653.00
pbc,2013,89,88,1,89,1942598.00,1991481.00
pbc,2014,72,72,0,71,1559081.00,1542131.00
pbc,2015,53,43,10,45,1015196.47,1095239.54
pbc,2016,12,12,0,12,264664.44,264664.44
pbc,2017,50,47,3,47,1252453.03,1273551.53
pbc,2018,18,18,0,18,505519.06,505519.06
pc,2004,1541,1534,7,1534,73469878.86,73479023.01
pc,2005,1465,1465,0,1462,61243288.06,59720678.06
pc,2006,1865,1865,0,1861,70189810.57,69441479.12
pc,2007,1645,1644,1,1627,74329700.08,68448888.98
pc,2008,1960,1941,19,1921,86190596.32,83363392.81
pc,2009,2301,2235,66,2198,155901129.88,129623729.74
pc,2010,2348,2249,99,2230,129382472.17,119172612.91
pc,2011,1977,1861,116,1833,119172173.47,155423602.87
pc,2012,1704,1590,114,1549,81740449.09,92290822.03
pc,2013,2472,2228,244,2209,140401611.22,164388788.36
pc,2014,2720,2469,251,2444,196833401.29,176869550.06
pc,2015,3603,3161,442,3026,412542767.15,323484512.47
pc,2016,3576,2965,611,2895,512992778.00,405396599.20
pc,2017,3683,2925,758,2965,498668781.84,526210096.72
pc,2018,2692,2009,683,2346,427234384.71,813479249.78
pch,2004,1043,1043,0,1042,40269453.50,40203634.37
pch,2005,933,933,0,929,35462223.73,34895865.31
pch,2006,911,911,0,906,32711033.86,31476039.78
pch,2007,868,868,0,856,48972794.30,47154958.34
pch,2008,667,667,0,632,44666951.46,41324933.47
pch,2009,637,540,97,551,35561211.14,44062224.74
pch,2010,448,351,97,352,17618997.99,25488291.36
pch,2011,319,261,58,277,19238302.52,27497022.04
pch,2012,188,154,34,154,11543416.84,15582282.01
pch,2013,235,205,30,200,13975247.96,13846730.84
pch,2014,398,348,50,333,27294685.69,21076143.65
pch,2015,383,322,61,325,19352465.77,24036040.29
pch,2016,529,451,78,453,30371893.17,30656082.33
pch,2017,578,494,84,512,27729522.63,56148143.21
pch,2018,182,148,34,171,9317026.94,16343395.43
pco,2004,474,428,46,424,13978262.93,13867038.93
pco,2005,516,480,36,475,18397426.96,18145182.50
pco,2006,351,336,15,337,14105286.49,12238346.08
pco,2007,293,287,6,277,13334689.95,12900177.66
pco,2008,313,292,21,276,11285446.59,10107122.39
pco,2009,352,312,40,315,12660916.99,12328958.73
pco,2010,332,294,38,293,20228529.06,22618472.80
pco,2011,285,246,39,247,17580687.41,20951657.56
pco,2012,185,156,29,155,6139094.05,8276138.27
pco,2013,237,200,37,192,16652594.55,14747995.97
pco,2014,172,130,42,142,8544265.13,12261484.97
pco,2015,179,158,21,163,6337303.29,12642510.51
pco,2016,277,256,21,237,23545152.38,26029024.75
pco,2017,375,331,44,338,39801320.79,40516575.97
pco,2018,264,228,36,254,24792834.79,36680756.32
phac,2010,1681,1525,156,1427,69122339.26,61616022.65
phac,2011,3236,2741,495,2656,163720827.80,145244057.09
phac,2012,2947,2124,823,2128,180710444.23,169715997.78
phac,2013,2691,1950,741,1922,154858125.79,173244210.54
phac,2014,2547,1958,589,1915,468418999.18,520237808.87
phac,2015,2183,1662,521,1739,155290265.76,197699070.80
phac,2016,1854,1525,329,1632,133937481.49,183385208.52
phac,2017,802,697,105,672,79001312.21,64736962.79
phac,2018,597,475,122,547,27720003.56,60472953.30
pmprb,2016,15,14,1,12,2347244.53,1873604.85
pmprb,2017,24,22,2,22,1813547.30,2072231.58
pmprb,2018,19,17,2,19,928719.83,1536949.24
ppsc,2006,3,3,0,3,74953.66,74953.66
ppsc,2007,34,34,0,34,919555.06,919555.06
ppsc,2008,126,126,0,125,3828424.50,3795494.46
ppsc,2009,141,140,1,133,4960251.70,4825251.73
ppsc,2010,113,103,10,107,3964082.27,4345131.55
ppsc,2011,116,112,4,109,4840066.35,4066142.23
ppsc,2012,124,115,9,113,4468528.95,4618583.02
ppsc,2013,365,343,22,196,47695808.64,14531661.53
ppsc,2014,304,144,160,258,16590688.33,45038148.66
ppsc,2015,136,95,41,121,23877139.71,33113484.15
ppsc,2016,87,74,13,76,4817181.56,8755165.53
ppsc,2017,113,101,12,105,9144651.15,12522086.59
ppsc,2018,83,73,10,80,5007707.75,6426479.80
pptc,2010,282,252,30,229,86413376.25,35648342.16
pptc,2011,344,304,40,305,174172470.42,35145200.52
pptc,2012,185,165,20,142,16256371.08,85077569.30
pptc,2013,222,171,51,203,47188939.90,208378475.12
pptc,2014,76,64,12,74,10999774.81,18397980.45
ps,2004,429,429,0,429,15795173.68,15795173.68
ps,2005,317,317,0,317,11618494.17,11618494.17
ps,2006,396,396,0,396,20548951.73,20548951.73
ps,2007,390,390,0,390,21877695.00,21877695.00
ps,2008,338,338,0,338,18806757.02,18806757.02
ps,2009,404,402,2,402,27436847.06,27471946.00
ps,2010,381,381,0,381,32536194.94,32536194.94
ps,2011,385,385,0,384,27925277.13,27892869.03
ps,2012,313,313,0,310,30054187.43,27881012.56
ps,2013,273,271,2,269,27319840.45,28750295.69
ps,2014,274,273,1,266,31560742.48,30791915.18
ps,2015,292,291,1,266,29467178.08,25645459.35
ps,2016,334,260,74,270,12617261.65,14455461.12
ps,2017,264,210,54,223,15311691.88,22631810.50
ps,2018,187,158,29,173,15086358.59,21781090.14
psc,2004,161,160,1,160,6183071.00,6183071.00
psc,2005,236,232,4,232,11878666.00,12048379.00
psc,2006,264,261,3,261,11003993.00,11067315.00
psc,2007,329,301,28,300,15061805.00,14625112.00
psc,2008,260,228,32,227,8797154.00,10431266.00
psc,2009,194,166,28,164,8655942.00,10135322.00
psc,2010,158,146,12,138,8106296.00,7212381.00
psc,2011,153,137,16,136,6057970.00,6127471.00
psc,2012,101,76,25,84,3088231.00,5064560.00
psc,2013,28,22,6,22,642855.00,2383746.00
psc,2014,30,20,10,21,1010963.00,1252451.00
psc,2015,74,67,7,65,2453452.00,2437624.00
psc,2016,56,47,9,48,4563836.13,6165254.61
psc,2017,69,61,8,61,2676011.16,2461856.51
psc,2018,60,53,7,58,3046003.72,4686836.71
psic,2016,14,14,0,14,473055.10,473055.10
psic,2017,19,18,1,16,686523.84,572723.84
psic,2018,9,5,4,7,164317.50,450442.37
pspc,2004,7073,6893,180,6815,2849890909.18,2792760427.91
pspc,2005,6811,6496,315,6525,875306451.46,871725072.91
pspc,2006,6333,6024,309,5992,658599529.76,659026041.71
pspc,2007,7177,6858,319,6792,763158089.33,756257716.93
pspc,2008,10186,9768,418,9398,1382811978.22,1126896484.85
pspc,2009,9734,8634,1100,8322,2089693418.53,1497261521.64
pspc,2010,10387,8770,1617,8397,5283818509.24,4750673704.20
pspc,2011,9121,7244,1877,7120,4414343876.87,4943821380.62
pspc,2012,8310,5915,2395,5678,3696209214.70,3021751987.42
pspc,2013,7869,5229,2640,5314,1718444853.61,2070485479.02
pspc,2014,7406,4998,2408,4944,2169330938.00,1674568098.13
pspc,2015,7173,4685,2488,4578,10813059791.11,10877447517.67
pspc,2016,8029,5335,2694,5594,3177934496.57,3799578791.80
pspc,2017,7916,5669,2247,5815,2559726811.42,2798996716.72
pspc,2018,5699,4081,1618,4978,2357528295.08,6538447313.75
rcmp,2004,3496,3455,41,3437,258254838.51,255486680.96
rcmp,2005,3720,3666,54,3651,285569656.81,270660722.17
rcmp,2006,3963,3888,75,3856,309950942.05,299024691.25
rcmp,2007,3946,3863,83,3791,320310648.01,288146336.13
rcmp,2008,4435,4206,229,4166,475626156.41,503700061.31
rcmp,2009,3397,3311,86,3167,635935845.50,513579582.60
rcmp,2010,3525,3145,380,3098,331424346.28,444743017.37
rcmp,2011,3372,3010,362,2977,330397154.15,344751752.41
rcmp,2012,3099,2645,454,2555,387102570.46,362633908.58
rcmp,2013,3331,2766,565,2707,339148998.00,395566632.95
rcmp,2014,3306,2697,609,2680,372228111.68,406142463.82
rcmp,2015,3571,2971,600,2839,392626792.86,393830245.92
rcmp,2016,3902,3078,824,3146,450103107.11,506923378.40
rcmp,2017,4103,3264,839,3505,576166151.79,811238507.82
rcmp,2018,2637,2137,500,2490,394147054.67,741943071.77
sirc,2015,2,2,0,2,100000.00,100000.00
sirc,2016,10,10,0,10,865723.94,865723.94
sirc,2017,21,21,0,21,1893385.26,1893385.26
sirc,2018,10,10,0,10,179459.45,179459.45
ssc,2011,10,10,0,2,11659798.00,24990.00
ssc,2012,3329,1860,1469,1609,297935803.02,211684911.95
ssc,2013,3013,2473,540,2398,3536279991.38,2823969128.57
ssc,2014,1853,1395,458,1474,2477902572.55,1429726677.95
ssc,2015,766,545,221,549,283398778.01,448146774.01
ssc,2016,2258,1761,497,1661,3429920146.84,3137702797.80
ssc,2017,2892,2133,759,2196,2371065634.35,3112207826.80
ssc,2018,1293,914,379,1169,383527171.34,3855146854.07
sshrc,2017,37,34,3,29,2358275.55,1431886.72
sshrc,2018,30,24,6,29,969500.30,2043689.18
stats,2004,583,583,0,583,42388897.48,42388897.48
stats,2005,883,883,0,883,50215755.05,50215755.05
stats,2006,647,647,0,647,32610340.84,32610340.84
stats,2007,484,484,0,483,29410021.18,29393866.78
stats,2008,440,439,1,438,37152289.39,37127895.99
stats,2009,623,620,3,610,81895432.60,84520264.10
stats,2010,635,632,3,627,58319861.88,59414539.93
stats,2011,473,463,10,468,110552323.27,111858205.18
stats,2012,253,241,12,253,25757021.29,27304958.85
stats,2013,406,399,7,396,37246502.16,37128839.51
stats,2014,288,284,4,287,41563710.32,42289168.06
stats,2015,396,395,1,395,53989629.13,53994233.99
stats,2016,272,272,0,272,54638816.22,54638816.22
stats,2017,249,245,4,244,27005887.84,26996187.18
stats,2018,130,129,1,130,15484641.12,15509388.12
swc,2016,15,15,0,15,489487.06,489487.06
swc,2017,83,80,3,79,2060733.62,2079344.03
swc,2018,17,16,1,17,819042.51,831042.51
tbs,2004,283,283,0,283,10841196.31,10841196.31
tbs,2005,311,311,0,310,16490854.59,12825901.61
tbs,2006,399,399,0,397,38815368.91,23779689.03
tbs,2007,407,407,0,404,18331018.73,17414749.23
tbs,2008,356,356,0,326,18629126.70,13826446.78
tbs,2009,542,482,60,450,39902515.14,26352024.46
tbs,2010,475,353,122,359,42633114.42,51212960.67
tbs,2011,421,343,78,339,410013276.71,233504933.35
tbs,2012,267,194,73,210,40556185.21,53878150.74
tbs,2013,229,181,48,188,45024743.41,48438929.94
tbs,2014,200,166,34,169,30527967.24,37304312.66
tbs,2015,198,175,23,169,49975696.67,49341680.36
tbs,2016,224,186,38,180,46987871.49,49301537.52
tbs,2017,263,211,52,228,28641056.53,61159708.59
tbs,2018,224,193,31,214,102244668.49,560304348.66
tc,2011,1586,1489,97,1387,171860860.83,135593923.95
tc,2012,1107,965,142,952,91740418.25,95344113.31
tc,2013,1508,1349,159,1343,121626925.77,129138563.66
tc,2014,1569,1414,155,1401,123571771.34,140931167.74
tc,2015,1266,1099,167,1102,104717713.34,138321590.15
tc,2016,1065,907,158,940,78657629.60,120540553.55
tc,2017,1486,1330,156,1368,124671087.95,184923689.85
tc,2018,982,905,77,964,145464166.35,201377352.75
tsb,2016,3,3,0,3,70475.18,70475.18
tsb,2017,62,61,1,61,1857019.07,1892020.82
tsb,2018,13,13,0,13,467626.24,467626.24
vac,2010,143,115,28,114,13347642.36,16083032.13
vac,2011,376,315,61,314,22276812.40,29768662.22
vac,2012,393,314,79,313,19396634.65,22606418.60
vac,2013,402,321,81,314,187839685.15,189394789.61
vac,2014,408,340,68,336,59404820.43,71584769.75
vac,2015,480,392,88,400,19206995.37,23237996.29
vac,2016,135,131,4,127,25412660.97,25021352.56
vac,2017,159,138,21,142,53748795.93,53769125.12
vac,2018,208,185,23,191,118495589.49,131930716.97
vrab,2011,9,9,0,8,143566.00,136786.00
vrab,2012,7,6,1,6,93000.00,103349.69
vrab,2013,3,2,1,3,120257.00,141614.00
vrab,2015,8,8,0,8,177663.00,177663.00
vrab,2016,2,2,0,2,57286.00,57286.00
vrab,2018,1,1,0,1,10206.02,10206.02
wd,2018,23,22,1,22,944295.03,954045.03
